chr19	17872266	.	C	T	.	.	.
chr19	17872371	.	G	A	.	.	.
chr19	17872495	.	T	A	.	.	.
chr19	17872596	.	G	C	.	.	.
chr19	17874151	.	G	A	.	.	.
chr19	17874494	.			.	.	.
chr19	17874538	.			.	.	.
chr19	17875980	.	A	G	.	.	.
chr19	17877773	.	G	T	.	.	.
chr19	17877823	.	C	G	.	.	.
chr19	17877833	.	T	A	.	.	.
chr19	17877840	.	C	A	.	.	.
chr19	17877983	.			.	.	.
chr19		.			.	.	.
chr19	17880848	.			.	.	.
chr19	17878082	.	G	A	.	.	.
chr19	17880886	.	G	A	.	.	.
chr19	17880937	.	T	G	.	.	.
chr19	17881961	.	A	C	.	.	.
chr19	17882007	.	A	T	.	.	.
chr19	17882027	.	C	T	.	.	.
chr19	17882058	.	T	G	.	.	.
chr19	17882063	.	A	T	.	.	.
chr19	17882160	.	G	A	.	.	.
chr19	17883753	.			.	.	.
chr19		.			.	.	.
chr19	17888350	.	C	T	.	.	.
chr19		.			.	.	.
chr19	17888432	.	G	A	.	.	.
chr19	17888445	.	C	A	.	.	.
chr19	17890913	.	C	T	.	.	.
chr19	17890916	.	G	A	.	.	.
chr19	17893851	.	C	T	.	.	.
chr19	17893860	.	C	T	.	.	.
